{
  "Text_HNSW": {
    "avg_latency": 3.9376282691955566,
    "p95_latency": 10.52509546279907,
    "p99_latency": 14.202187061309822,
    "recall": 0.079,
    "build_time": 43.180652141571045,
    "save_time": 1.5493416786193848,
    "load_time": 2.639376163482666
  },
  "Text_Weaviate": {
    "avg_latency": 6.526737213134766,
    "p95_latency": 16.046452522277832,
    "p99_latency": 18.549766540527546,
    "recall": 0.9990000000000001,
    "build_time": 14.312019348144531
  },
  "Image_HNSW": {
    "avg_latency": 0.7239603996276855,
    "p95_latency": 2.0295262336730957,
    "p99_latency": 9.15969371795657,
    "recall": 0.209,
    "build_time": 0.8145041465759277,
    "save_time": 0.029245615005493164,
    "load_time": 0.06577396392822266
  },
  "Image_Weaviate": {
    "avg_latency": 7.584993839263916,
    "p95_latency": 13.68005275726318,
    "p99_latency": 42.25879669189457,
    "recall": 1.0,
    "build_time": 1.3381187915802002
  }
}